,Stage Name,Character,Wins,Losses
0,Battlefield,Banjo & Kazooie,4536,4593
1,Battlefield,Bayonetta,5174,4042
2,Battlefield,Bowser,11419,11831
3,Battlefield,Bowser Jr.,3282,2628
4,Battlefield,Byleth,3866,5229
5,Battlefield,Captain Falcon,6673,7906
6,Battlefield,Chrom,3895,4290
7,Battlefield,Cloud,11889,12643
8,Battlefield,Corrin,2373,3228
9,Battlefield,Daisy,963,953
10,Battlefield,Dark Pit,2427,3005
11,Battlefield,Dark Samus,3437,2610
12,Battlefield,Diddy Kong,2197,2313
13,Battlefield,Donkey Kong,7367,6981
14,Battlefield,Dr. Mario,1771,2075
15,Battlefield,Duck Hunt,2721,2167
16,Battlefield,Falco,5640,7278
17,Battlefield,Fox,3629,4648
18,Battlefield,Ganondorf,6765,7038
19,Battlefield,Greninja,3159,3510
20,Battlefield,Hero,5111,4953
21,Battlefield,Ice Climbers,1875,1782
22,Battlefield,Ike,6271,6200
23,Battlefield,Incineroar,4349,4283
24,Battlefield,Inkling,7959,7980
25,Battlefield,Isabelle,4182,3378
26,Battlefield,Jigglypuff,5974,7739
27,Battlefield,Joker,7677,10932
28,Battlefield,Kazuya,139,185
29,Battlefield,Ken,2854,2385
30,Battlefield,King Dedede,4772,4207
31,Battlefield,King K. Rool,7382,6833
32,Battlefield,Kirby,1154,2202
33,Battlefield,Link,5569,5982
34,Battlefield,Little Mac,7001,6838
35,Battlefield,Lucario,1909,2159
36,Battlefield,Lucas,4958,5283
37,Battlefield,Lucina,8215,11325
38,Battlefield,Luigi,7872,6443
39,Battlefield,Mario,6978,8502
40,Battlefield,Marth,2575,3523
41,Battlefield,Mega Man,4570,3706
42,Battlefield,Meta Knight,1002,1219
43,Battlefield,Mewtwo,2068,2558
44,Battlefield,Mii Brawler,1964,2467
45,Battlefield,Mii Gunner,2070,1604
46,Battlefield,Mii Swordfighter,2261,2027
47,Battlefield,Min Min,3012,2086
48,Battlefield,Mr. Game & Watch,7721,7696
49,Battlefield,Ness,12435,11440
50,Battlefield,Olimar,1668,1504
51,Battlefield,Pac-Man,2842,2734
52,Battlefield,Palutena,14137,12219
53,Battlefield,Peach,2761,2387
54,Battlefield,Pichu,1224,1720
55,Battlefield,Pikachu,2313,3328
56,Battlefield,Piranha Plant,4232,4222
57,Battlefield,Pit,1550,1786
58,Battlefield,Pokemon Trainer,11408,11695
59,Battlefield,Pyra & Mythra,2887,3840
60,Battlefield,R.O.B.,9506,6631
61,Battlefield,Richter,3649,2315
62,Battlefield,Ridley,4047,4049
63,Battlefield,Robin,4662,3595
64,Battlefield,Rosalina & Luma,1803,1908
65,Battlefield,Roy,4844,6392
66,Battlefield,Ryu,1182,1079
67,Battlefield,Samus,8313,6780
68,Battlefield,Sephiroth,2598,3308
69,Battlefield,Sheik,1051,1647
70,Battlefield,Shulk,2213,2523
71,Battlefield,Simon,1508,1050
72,Battlefield,Snake,13450,9052
73,Battlefield,Sonic,3938,3714
74,Battlefield,Steve,4733,3356
75,Battlefield,Terry,5647,5178
76,Battlefield,Toon Link,3853,3567
77,Battlefield,Villager,3027,2555
78,Battlefield,Wario,3238,3365
79,Battlefield,Wii Fit Trainer,4787,3692
80,Battlefield,Wolf,8840,10240
81,Battlefield,Yoshi,10406,9845
82,Battlefield,Young Link,3362,4065
83,Battlefield,Zelda,7140,6267
84,Battlefield,Zero Suit Samus,7007,6395
85,Final Destination,Banjo & Kazooie,7660,6720
86,Final Destination,Bayonetta,2754,2375
87,Final Destination,Bowser,11410,11590
88,Final Destination,Bowser Jr.,4786,3706
89,Final Destination,Byleth,2687,3667
90,Final Destination,Captain Falcon,4813,6309
91,Final Destination,Chrom,1847,2804
92,Final Destination,Cloud,7174,9182
93,Final Destination,Corrin,1681,2314
94,Final Destination,Daisy,1462,1480
95,Final Destination,Dark Pit,2481,3029
96,Final Destination,Dark Samus,1862,2057
97,Final Destination,Diddy Kong,5140,4409
98,Final Destination,Donkey Kong,6721,7245
99,Final Destination,Dr. Mario,3875,3246
100,Final Destination,Duck Hunt,2812,2372
101,Final Destination,Falco,2403,3608
102,Final Destination,Fox,3630,4459
103,Final Destination,Ganondorf,6339,6897
104,Final Destination,Greninja,8169,7202
105,Final Destination,Hero,4682,5384
106,Final Destination,Ice Climbers,2728,2449
107,Final Destination,Ike,8058,6135
108,Final Destination,Incineroar,2968,3516
109,Final Destination,Inkling,10434,9618
110,Final Destination,Isabelle,3060,2807
111,Final Destination,Jigglypuff,7928,8929
112,Final Destination,Joker,10153,13757
113,Final Destination,Kazuya,290,385
114,Final Destination,Ken,6237,4810
115,Final Destination,King Dedede,12112,9113
116,Final Destination,King K. Rool,6743,8315
117,Final Destination,Kirby,6966,8247
118,Final Destination,Link,8073,8891
119,Final Destination,Little Mac,4784,5389
120,Final Destination,Lucario,2378,2447
121,Final Destination,Lucas,6788,6898
122,Final Destination,Lucina,4640,7341
123,Final Destination,Luigi,9590,7537
124,Final Destination,Mario,4815,5716
125,Final Destination,Marth,1289,2212
126,Final Destination,Mega Man,3574,3231
127,Final Destination,Meta Knight,3212,2891
128,Final Destination,Mewtwo,2048,2670
129,Final Destination,Mii Brawler,1727,2080
130,Final Destination,Mii Gunner,2715,2463
131,Final Destination,Mii Swordfighter,2457,2322
132,Final Destination,Min Min,6020,4795
133,Final Destination,Mr. Game & Watch,8563,7705
134,Final Destination,Ness,12947,13091
135,Final Destination,Olimar,1896,1821
136,Final Destination,Pac-Man,9701,7181
137,Final Destination,Palutena,8680,8234
138,Final Destination,Peach,3870,3817
139,Final Destination,Pichu,4952,4906
140,Final Destination,Pikachu,9830,10058
141,Final Destination,Piranha Plant,4151,4547
142,Final Destination,Pit,1510,1741
143,Final Destination,Pokemon Trainer,6542,7303
144,Final Destination,Pyra & Mythra,3316,4114
145,Final Destination,R.O.B.,12182,9207
146,Final Destination,Richter,3116,2579
147,Final Destination,Ridley,3301,3596
148,Final Destination,Robin,3568,2953
149,Final Destination,Rosalina & Luma,1325,1387
150,Final Destination,Roy,2989,4759
151,Final Destination,Ryu,2272,1921
152,Final Destination,Samus,5012,5008
153,Final Destination,Sephiroth,2365,3511
154,Final Destination,Sheik,1476,1853
155,Final Destination,Shulk,4763,4805
156,Final Destination,Simon,1101,1008
157,Final Destination,Snake,8006,6566
158,Final Destination,Sonic,12167,9502
159,Final Destination,Steve,7675,5376
160,Final Destination,Terry,11529,9439
161,Final Destination,Toon Link,3385,3737
162,Final Destination,Villager,1787,2091
163,Final Destination,Wario,1707,1983
164,Final Destination,Wii Fit Trainer,5141,4207
165,Final Destination,Wolf,9149,10868
166,Final Destination,Yoshi,9747,8757
167,Final Destination,Young Link,5102,6316
168,Final Destination,Zelda,7242,6808
169,Final Destination,Zero Suit Samus,3027,3493
170,Kalos Pokemon League,Banjo & Kazooie,3691,3371
171,Kalos Pokemon League,Bayonetta,2301,1536
172,Kalos Pokemon League,Bowser,7791,6544
173,Kalos Pokemon League,Bowser Jr.,2633,2188
174,Kalos Pokemon League,Byleth,1762,2456
175,Kalos Pokemon League,Captain Falcon,5614,6621
176,Kalos Pokemon League,Chrom,1142,1435
177,Kalos Pokemon League,Cloud,6104,6331
178,Kalos Pokemon League,Corrin,1283,1638
179,Kalos Pokemon League,Daisy,567,569
180,Kalos Pokemon League,Dark Pit,1182,1564
181,Kalos Pokemon League,Dark Samus,1606,1439
182,Kalos Pokemon League,Diddy Kong,2123,1973
183,Kalos Pokemon League,Donkey Kong,4431,3496
184,Kalos Pokemon League,Dr. Mario,1583,1495
185,Kalos Pokemon League,Duck Hunt,1135,1039
186,Kalos Pokemon League,Falco,1846,2277
187,Kalos Pokemon League,Fox,2271,2680
188,Kalos Pokemon League,Ganondorf,3002,3206
189,Kalos Pokemon League,Greninja,3115,3622
190,Kalos Pokemon League,Hero,3188,3431
191,Kalos Pokemon League,Ice Climbers,890,837
192,Kalos Pokemon League,Ike,2970,2323
193,Kalos Pokemon League,Incineroar,1617,1693
194,Kalos Pokemon League,Inkling,3801,3695
195,Kalos Pokemon League,Isabelle,1647,1595
196,Kalos Pokemon League,Jigglypuff,2874,3709
197,Kalos Pokemon League,Joker,5341,7109
198,Kalos Pokemon League,Kazuya,99,106
199,Kalos Pokemon League,Ken,1853,1432
200,Kalos Pokemon League,King Dedede,4853,3892
201,Kalos Pokemon League,King K. Rool,3326,3809
202,Kalos Pokemon League,Kirby,2397,2656
203,Kalos Pokemon League,Link,4683,5066
204,Kalos Pokemon League,Little Mac,1868,2049
205,Kalos Pokemon League,Lucario,1878,2257
206,Kalos Pokemon League,Lucas,2637,3036
207,Kalos Pokemon League,Lucina,2423,3746
208,Kalos Pokemon League,Luigi,3341,2796
209,Kalos Pokemon League,Mario,3082,2982
210,Kalos Pokemon League,Marth,679,1092
211,Kalos Pokemon League,Mega Man,1963,1886
212,Kalos Pokemon League,Meta Knight,702,798
213,Kalos Pokemon League,Mewtwo,1143,1711
214,Kalos Pokemon League,Mii Brawler,685,805
215,Kalos Pokemon League,Mii Gunner,1452,1322
216,Kalos Pokemon League,Mii Swordfighter,1061,982
217,Kalos Pokemon League,Min Min,2625,2157
218,Kalos Pokemon League,Mr. Game & Watch,2995,2925
219,Kalos Pokemon League,Ness,6486,5942
220,Kalos Pokemon League,Olimar,568,613
221,Kalos Pokemon League,Pac-Man,3795,3347
222,Kalos Pokemon League,Palutena,6674,5535
223,Kalos Pokemon League,Peach,1733,1601
224,Kalos Pokemon League,Pichu,2278,2375
225,Kalos Pokemon League,Pikachu,4839,6208
226,Kalos Pokemon League,Piranha Plant,1814,2000
227,Kalos Pokemon League,Pit,691,937
228,Kalos Pokemon League,Pokemon Trainer,5120,5387
229,Kalos Pokemon League,Pyra & Mythra,1623,1930
230,Kalos Pokemon League,R.O.B.,6711,5294
231,Kalos Pokemon League,Richter,1558,1225
232,Kalos Pokemon League,Ridley,1736,1830
233,Kalos Pokemon League,Robin,2349,1976
234,Kalos Pokemon League,Rosalina & Luma,665,768
235,Kalos Pokemon League,Roy,2053,2535
236,Kalos Pokemon League,Ryu,724,608
237,Kalos Pokemon League,Samus,3905,3680
238,Kalos Pokemon League,Sephiroth,1298,1825
239,Kalos Pokemon League,Sheik,577,774
240,Kalos Pokemon League,Shulk,2067,2114
241,Kalos Pokemon League,Simon,608,498
242,Kalos Pokemon League,Snake,5739,4358
243,Kalos Pokemon League,Sonic,4901,4556
244,Kalos Pokemon League,Steve,2496,1991
245,Kalos Pokemon League,Terry,4424,3669
246,Kalos Pokemon League,Toon Link,2757,2670
247,Kalos Pokemon League,Villager,1792,1828
248,Kalos Pokemon League,Wario,1453,1324
249,Kalos Pokemon League,Wii Fit Trainer,3584,3056
250,Kalos Pokemon League,Wolf,5828,6290
251,Kalos Pokemon League,Yoshi,4931,4244
252,Kalos Pokemon League,Young Link,3334,3921
253,Kalos Pokemon League,Zelda,3888,3761
254,Kalos Pokemon League,Zero Suit Samus,1747,1954
255,Lylat Cruise,Banjo & Kazooie,1114,936
256,Lylat Cruise,Bayonetta,1142,779
257,Lylat Cruise,Bowser,1920,2042
258,Lylat Cruise,Bowser Jr.,164,216
259,Lylat Cruise,Byleth,363,498
260,Lylat Cruise,Captain Falcon,725,901
261,Lylat Cruise,Chrom,442,470
262,Lylat Cruise,Cloud,1724,1734
263,Lylat Cruise,Corrin,239,376
264,Lylat Cruise,Daisy,87,88
265,Lylat Cruise,Dark Pit,308,453
266,Lylat Cruise,Dark Samus,380,333
267,Lylat Cruise,Diddy Kong,350,347
268,Lylat Cruise,Donkey Kong,1792,1518
269,Lylat Cruise,Dr. Mario,295,315
270,Lylat Cruise,Duck Hunt,484,344
271,Lylat Cruise,Falco,542,739
272,Lylat Cruise,Fox,308,521
273,Lylat Cruise,Ganondorf,897,1033
274,Lylat Cruise,Greninja,502,447
275,Lylat Cruise,Hero,624,701
276,Lylat Cruise,Ice Climbers,180,195
277,Lylat Cruise,Ike,899,812
278,Lylat Cruise,Incineroar,740,741
279,Lylat Cruise,Inkling,1511,1434
280,Lylat Cruise,Isabelle,411,423
281,Lylat Cruise,Jigglypuff,700,1085
282,Lylat Cruise,Joker,1111,1363
283,Lylat Cruise,Kazuya,17,20
284,Lylat Cruise,Ken,657,512
285,Lylat Cruise,King Dedede,981,953
286,Lylat Cruise,King K. Rool,880,942
287,Lylat Cruise,Kirby,386,577
288,Lylat Cruise,Link,959,907
289,Lylat Cruise,Little Mac,1307,1285
290,Lylat Cruise,Lucario,221,274
291,Lylat Cruise,Lucas,618,651
292,Lylat Cruise,Lucina,776,1286
293,Lylat Cruise,Luigi,1102,794
294,Lylat Cruise,Mario,1038,1232
295,Lylat Cruise,Marth,202,345
296,Lylat Cruise,Mega Man,456,418
297,Lylat Cruise,Meta Knight,204,245
298,Lylat Cruise,Mewtwo,173,256
299,Lylat Cruise,Mii Brawler,244,287
300,Lylat Cruise,Mii Gunner,289,294
301,Lylat Cruise,Mii Swordfighter,370,375
302,Lylat Cruise,Min Min,673,413
303,Lylat Cruise,Mr. Game & Watch,1036,1111
304,Lylat Cruise,Ness,1285,1240
305,Lylat Cruise,Olimar,223,209
306,Lylat Cruise,Pac-Man,703,625
307,Lylat Cruise,Palutena,1546,1371
308,Lylat Cruise,Peach,257,244
309,Lylat Cruise,Pichu,386,427
310,Lylat Cruise,Pikachu,1148,1372
311,Lylat Cruise,Piranha Plant,808,1039
312,Lylat Cruise,Pit,177,256
313,Lylat Cruise,Pokemon Trainer,1578,1624
314,Lylat Cruise,Pyra & Mythra,340,364
315,Lylat Cruise,R.O.B.,1687,1314
316,Lylat Cruise,Richter,668,461
317,Lylat Cruise,Ridley,676,796
318,Lylat Cruise,Robin,588,525
319,Lylat Cruise,Rosalina & Luma,160,215
320,Lylat Cruise,Roy,581,671
321,Lylat Cruise,Ryu,191,160
322,Lylat Cruise,Samus,866,765
323,Lylat Cruise,Sephiroth,207,287
324,Lylat Cruise,Sheik,122,160
325,Lylat Cruise,Shulk,366,388
326,Lylat Cruise,Simon,199,190
327,Lylat Cruise,Snake,2605,2014
328,Lylat Cruise,Sonic,1261,865
329,Lylat Cruise,Steve,746,549
330,Lylat Cruise,Terry,809,743
331,Lylat Cruise,Toon Link,579,502
332,Lylat Cruise,Villager,306,348
333,Lylat Cruise,Wario,409,399
334,Lylat Cruise,Wii Fit Trainer,819,684
335,Lylat Cruise,Wolf,1207,1510
336,Lylat Cruise,Yoshi,1659,1586
337,Lylat Cruise,Young Link,786,802
338,Lylat Cruise,Zelda,1108,993
339,Lylat Cruise,Zero Suit Samus,713,593
340,Pokemon Stadium 2,Banjo & Kazooie,15813,15056
341,Pokemon Stadium 2,Bayonetta,13166,10014
342,Pokemon Stadium 2,Bowser,28164,28348
343,Pokemon Stadium 2,Bowser Jr.,8640,7825
344,Pokemon Stadium 2,Byleth,7780,10412
345,Pokemon Stadium 2,Captain Falcon,15787,18669
346,Pokemon Stadium 2,Chrom,7855,8925
347,Pokemon Stadium 2,Cloud,30439,31839
348,Pokemon Stadium 2,Corrin,4406,6067
349,Pokemon Stadium 2,Daisy,2470,2851
350,Pokemon Stadium 2,Dark Pit,4928,6348
351,Pokemon Stadium 2,Dark Samus,7099,5670
352,Pokemon Stadium 2,Diddy Kong,9675,9490
353,Pokemon Stadium 2,Donkey Kong,22850,20543
354,Pokemon Stadium 2,Dr. Mario,7944,7058
355,Pokemon Stadium 2,Duck Hunt,7130,5948
356,Pokemon Stadium 2,Falco,8262,11068
357,Pokemon Stadium 2,Fox,8851,10902
358,Pokemon Stadium 2,Ganondorf,11447,12288
359,Pokemon Stadium 2,Greninja,11771,12920
360,Pokemon Stadium 2,Hero,14235,13879
361,Pokemon Stadium 2,Ice Climbers,5326,5128
362,Pokemon Stadium 2,Ike,19637,16883
363,Pokemon Stadium 2,Incineroar,8518,8684
364,Pokemon Stadium 2,Inkling,25882,25900
365,Pokemon Stadium 2,Isabelle,6570,6540
366,Pokemon Stadium 2,Jigglypuff,10826,15450
367,Pokemon Stadium 2,Joker,26891,39659
368,Pokemon Stadium 2,Kazuya,444,607
369,Pokemon Stadium 2,Ken,12441,8562
370,Pokemon Stadium 2,King Dedede,19238,16266
371,Pokemon Stadium 2,King K. Rool,16764,17204
372,Pokemon Stadium 2,Kirby,9089,11919
373,Pokemon Stadium 2,Link,18180,19281
374,Pokemon Stadium 2,Little Mac,10567,11231
375,Pokemon Stadium 2,Lucario,4044,5094
376,Pokemon Stadium 2,Lucas,11738,13047
377,Pokemon Stadium 2,Lucina,12346,19326
378,Pokemon Stadium 2,Luigi,21776,17412
379,Pokemon Stadium 2,Mario,22615,24519
380,Pokemon Stadium 2,Marth,3781,6100
381,Pokemon Stadium 2,Mega Man,9487,8396
382,Pokemon Stadium 2,Meta Knight,4107,4303
383,Pokemon Stadium 2,Mewtwo,4605,6128
384,Pokemon Stadium 2,Mii Brawler,4480,5110
385,Pokemon Stadium 2,Mii Gunner,5967,4916
386,Pokemon Stadium 2,Mii Swordfighter,6183,5174
387,Pokemon Stadium 2,Min Min,13733,9857
388,Pokemon Stadium 2,Mr. Game & Watch,13549,14338
389,Pokemon Stadium 2,Ness,32055,30490
390,Pokemon Stadium 2,Olimar,3467,3283
391,Pokemon Stadium 2,Pac-Man,16550,15116
392,Pokemon Stadium 2,Palutena,35382,31426
393,Pokemon Stadium 2,Peach,6953,7178
394,Pokemon Stadium 2,Pichu,6598,7338
395,Pokemon Stadium 2,Pikachu,9960,12562
396,Pokemon Stadium 2,Piranha Plant,8739,9572
397,Pokemon Stadium 2,Pit,3295,3906
398,Pokemon Stadium 2,Pokemon Trainer,28062,30029
399,Pokemon Stadium 2,Pyra & Mythra,10700,12083
400,Pokemon Stadium 2,R.O.B.,32551,24569
401,Pokemon Stadium 2,Richter,9005,6155
402,Pokemon Stadium 2,Ridley,7979,8287
403,Pokemon Stadium 2,Robin,11055,8963
404,Pokemon Stadium 2,Rosalina & Luma,3024,3501
405,Pokemon Stadium 2,Roy,11778,15122
406,Pokemon Stadium 2,Ryu,4417,3450
407,Pokemon Stadium 2,Samus,17542,15367
408,Pokemon Stadium 2,Sephiroth,7104,9406
409,Pokemon Stadium 2,Sheik,2937,4550
410,Pokemon Stadium 2,Shulk,8746,9367
411,Pokemon Stadium 2,Simon,3415,2499
412,Pokemon Stadium 2,Snake,34011,24556
413,Pokemon Stadium 2,Sonic,20362,18172
414,Pokemon Stadium 2,Steve,12022,9304
415,Pokemon Stadium 2,Terry,20454,16925
416,Pokemon Stadium 2,Toon Link,11109,10749
417,Pokemon Stadium 2,Villager,4538,4608
418,Pokemon Stadium 2,Wario,8338,8939
419,Pokemon Stadium 2,Wii Fit Trainer,15428,12058
420,Pokemon Stadium 2,Wolf,28751,32598
421,Pokemon Stadium 2,Yoshi,23353,22612
422,Pokemon Stadium 2,Young Link,15126,15703
423,Pokemon Stadium 2,Zelda,15762,14316
424,Pokemon Stadium 2,Zero Suit Samus,15269,15420
425,Small Battlefield,Banjo & Kazooie,1830,1796
426,Small Battlefield,Bayonetta,1771,1267
427,Small Battlefield,Bowser,3147,3424
428,Small Battlefield,Bowser Jr.,968,867
429,Small Battlefield,Byleth,1159,1462
430,Small Battlefield,Captain Falcon,2196,2616
431,Small Battlefield,Chrom,832,940
432,Small Battlefield,Cloud,2361,2636
433,Small Battlefield,Corrin,532,778
434,Small Battlefield,Daisy,254,272
435,Small Battlefield,Dark Pit,720,899
436,Small Battlefield,Dark Samus,791,647
437,Small Battlefield,Diddy Kong,1262,1147
438,Small Battlefield,Donkey Kong,2621,2521
439,Small Battlefield,Dr. Mario,700,759
440,Small Battlefield,Duck Hunt,790,680
441,Small Battlefield,Falco,1777,2110
442,Small Battlefield,Fox,871,1162
443,Small Battlefield,Ganondorf,1361,1565
444,Small Battlefield,Greninja,1116,1270
445,Small Battlefield,Hero,1603,1482
446,Small Battlefield,Ice Climbers,596,567
447,Small Battlefield,Ike,2017,1917
448,Small Battlefield,Incineroar,1233,1387
449,Small Battlefield,Inkling,2420,2437
450,Small Battlefield,Isabelle,1210,930
451,Small Battlefield,Jigglypuff,1620,2221
452,Small Battlefield,Joker,2183,3050
453,Small Battlefield,Kazuya,117,184
454,Small Battlefield,Ken,1316,1055
455,Small Battlefield,King Dedede,2339,1968
456,Small Battlefield,King K. Rool,2001,2232
457,Small Battlefield,Kirby,685,987
458,Small Battlefield,Link,1929,1996
459,Small Battlefield,Little Mac,1652,2064
460,Small Battlefield,Lucario,547,589
461,Small Battlefield,Lucas,1359,1520
462,Small Battlefield,Lucina,1392,2140
463,Small Battlefield,Luigi,2507,2089
464,Small Battlefield,Mario,2125,2317
465,Small Battlefield,Marth,607,827
466,Small Battlefield,Mega Man,1092,1000
467,Small Battlefield,Meta Knight,689,700
468,Small Battlefield,Mewtwo,693,895
469,Small Battlefield,Mii Brawler,560,755
470,Small Battlefield,Mii Gunner,705,582
471,Small Battlefield,Mii Swordfighter,700,613
472,Small Battlefield,Min Min,2813,1851
473,Small Battlefield,Mr. Game & Watch,2341,2210
474,Small Battlefield,Ness,3427,3379
475,Small Battlefield,Olimar,601,520
476,Small Battlefield,Pac-Man,1805,1396
477,Small Battlefield,Palutena,3409,2913
478,Small Battlefield,Peach,498,598
479,Small Battlefield,Pichu,586,676
480,Small Battlefield,Pikachu,1386,1492
481,Small Battlefield,Piranha Plant,1328,1384
482,Small Battlefield,Pit,452,520
483,Small Battlefield,Pokemon Trainer,2753,2799
484,Small Battlefield,Pyra & Mythra,2879,3425
485,Small Battlefield,R.O.B.,3158,2305
486,Small Battlefield,Richter,841,652
487,Small Battlefield,Ridley,998,1111
488,Small Battlefield,Robin,1389,1005
489,Small Battlefield,Rosalina & Luma,343,431
490,Small Battlefield,Roy,1031,1368
491,Small Battlefield,Ryu,438,373
492,Small Battlefield,Samus,2020,1602
493,Small Battlefield,Sephiroth,1715,2331
494,Small Battlefield,Sheik,393,573
495,Small Battlefield,Shulk,895,944
496,Small Battlefield,Simon,382,295
497,Small Battlefield,Snake,3543,2557
498,Small Battlefield,Sonic,1981,1744
499,Small Battlefield,Steve,3812,2522
500,Small Battlefield,Terry,2388,2334
501,Small Battlefield,Toon Link,1184,1057
502,Small Battlefield,Villager,612,583
503,Small Battlefield,Wario,870,948
504,Small Battlefield,Wii Fit Trainer,1999,1490
505,Small Battlefield,Wolf,2402,2888
506,Small Battlefield,Yoshi,2585,2534
507,Small Battlefield,Young Link,1401,1463
508,Small Battlefield,Zelda,1766,1694
509,Small Battlefield,Zero Suit Samus,1609,1700
510,Smashville,Banjo & Kazooie,6225,5682
511,Smashville,Bayonetta,2892,2551
512,Smashville,Bowser,11160,11610
513,Smashville,Bowser Jr.,3437,2951
514,Smashville,Byleth,3042,3906
515,Smashville,Captain Falcon,5833,6764
516,Smashville,Chrom,3386,3937
517,Smashville,Cloud,9269,10524
518,Smashville,Corrin,1895,2629
519,Smashville,Daisy,1065,1072
520,Smashville,Dark Pit,2198,2829
521,Smashville,Dark Samus,2129,1820
522,Smashville,Diddy Kong,2837,3148
523,Smashville,Donkey Kong,9143,8164
524,Smashville,Dr. Mario,3204,2730
525,Smashville,Duck Hunt,1745,1705
526,Smashville,Falco,4132,5284
527,Smashville,Fox,2173,3104
528,Smashville,Ganondorf,6342,6557
529,Smashville,Greninja,2782,3219
530,Smashville,Hero,4314,4742
531,Smashville,Ice Climbers,2456,2238
532,Smashville,Ike,6184,5827
533,Smashville,Incineroar,4117,3933
534,Smashville,Inkling,11809,12397
535,Smashville,Isabelle,3147,3166
536,Smashville,Jigglypuff,6302,7049
537,Smashville,Joker,10197,13349
538,Smashville,Kazuya,170,207
539,Smashville,Ken,4595,3305
540,Smashville,King Dedede,6709,5720
541,Smashville,King K. Rool,6918,6980
542,Smashville,Kirby,4612,5018
543,Smashville,Link,6714,6847
544,Smashville,Little Mac,3429,4109
545,Smashville,Lucario,859,1210
546,Smashville,Lucas,5840,5775
547,Smashville,Lucina,7018,9595
548,Smashville,Luigi,9474,7905
549,Smashville,Mario,8579,9585
550,Smashville,Marth,1959,2876
551,Smashville,Mega Man,3200,2685
552,Smashville,Meta Knight,1819,1743
553,Smashville,Mewtwo,1650,2084
554,Smashville,Mii Brawler,1730,2072
555,Smashville,Mii Gunner,1767,1528
556,Smashville,Mii Swordfighter,1978,1872
557,Smashville,Min Min,4080,2847
558,Smashville,Mr. Game & Watch,8754,7865
559,Smashville,Ness,14073,12456
560,Smashville,Olimar,1348,1340
561,Smashville,Pac-Man,6162,4910
562,Smashville,Palutena,10391,10152
563,Smashville,Peach,2928,2818
564,Smashville,Pichu,3499,3486
565,Smashville,Pikachu,8091,8297
566,Smashville,Piranha Plant,3959,4205
567,Smashville,Pit,1515,1705
568,Smashville,Pokemon Trainer,11158,11044
569,Smashville,Pyra & Mythra,2786,3630
570,Smashville,R.O.B.,9754,7578
571,Smashville,Richter,3390,2376
572,Smashville,Ridley,3340,3461
573,Smashville,Robin,3610,2946
574,Smashville,Rosalina & Luma,1170,1430
575,Smashville,Roy,5155,6536
576,Smashville,Ryu,1685,1455
577,Smashville,Samus,4633,4726
578,Smashville,Sephiroth,2264,3031
579,Smashville,Sheik,914,1427
580,Smashville,Shulk,2616,2885
581,Smashville,Simon,1444,1042
582,Smashville,Snake,13699,9325
583,Smashville,Sonic,4663,4894
584,Smashville,Steve,3369,2719
585,Smashville,Terry,6672,5776
586,Smashville,Toon Link,3365,3435
587,Smashville,Villager,2813,2648
588,Smashville,Wario,3297,3696
589,Smashville,Wii Fit Trainer,5530,4232
590,Smashville,Wolf,8761,10581
591,Smashville,Yoshi,8838,8533
592,Smashville,Young Link,4215,4974
593,Smashville,Zelda,9460,7320
594,Smashville,Zero Suit Samus,4927,4979
595,Town and City,Banjo & Kazooie,6680,6305
596,Town and City,Bayonetta,6916,5558
597,Town and City,Bowser,13000,12727
598,Town and City,Bowser Jr.,5974,4787
599,Town and City,Byleth,2819,3919
600,Town and City,Captain Falcon,7028,7922
601,Town and City,Chrom,4817,5286
602,Town and City,Cloud,12135,12080
603,Town and City,Corrin,2027,2652
604,Town and City,Daisy,1111,1198
605,Town and City,Dark Pit,2033,2727
606,Town and City,Dark Samus,2856,2524
607,Town and City,Diddy Kong,4046,3939
608,Town and City,Donkey Kong,9989,8639
609,Town and City,Dr. Mario,3295,2683
610,Town and City,Duck Hunt,2589,2658
611,Town and City,Falco,4167,5333
612,Town and City,Fox,3039,3766
613,Town and City,Ganondorf,5148,5278
614,Town and City,Greninja,6158,6083
615,Town and City,Hero,6835,6903
616,Town and City,Ice Climbers,1233,1317
617,Town and City,Ike,7478,6040
618,Town and City,Incineroar,4193,4011
619,Town and City,Inkling,9412,9276
620,Town and City,Isabelle,3257,3466
621,Town and City,Jigglypuff,4536,6160
622,Town and City,Joker,10798,13788
623,Town and City,Kazuya,191,244
624,Town and City,Ken,3358,2727
625,Town and City,King Dedede,8614,7080
626,Town and City,King K. Rool,7176,7455
627,Town and City,Kirby,3777,4430
628,Town and City,Link,8593,8757
629,Town and City,Little Mac,5364,5018
630,Town and City,Lucario,1819,2127
631,Town and City,Lucas,4601,5546
632,Town and City,Lucina,5722,8115
633,Town and City,Luigi,6167,5763
634,Town and City,Mario,7751,8419
635,Town and City,Marth,1515,2266
636,Town and City,Mega Man,4143,3730
637,Town and City,Meta Knight,1566,1638
638,Town and City,Mewtwo,1974,2627
639,Town and City,Mii Brawler,1473,1816
640,Town and City,Mii Gunner,2360,2152
641,Town and City,Mii Swordfighter,1978,2043
642,Town and City,Min Min,6015,4476
643,Town and City,Mr. Game & Watch,6121,6296
644,Town and City,Ness,12201,11802
645,Town and City,Olimar,1696,1664
646,Town and City,Pac-Man,7580,6404
647,Town and City,Palutena,13266,12554
648,Town and City,Peach,3007,2929
649,Town and City,Pichu,4255,4088
650,Town and City,Pikachu,9267,9696
651,Town and City,Piranha Plant,3309,3960
652,Town and City,Pit,1191,1556
653,Town and City,Pokemon Trainer,9948,10485
654,Town and City,Pyra & Mythra,3886,4450
655,Town and City,R.O.B.,12692,10737
656,Town and City,Richter,3155,2623
657,Town and City,Ridley,3915,3992
658,Town and City,Robin,3954,3630
659,Town and City,Rosalina & Luma,1352,1638
660,Town and City,Roy,7029,7859
661,Town and City,Ryu,1396,1296
662,Town and City,Samus,6379,6278
663,Town and City,Sephiroth,2666,3595
664,Town and City,Sheik,1364,2065
665,Town and City,Shulk,4299,4158
666,Town and City,Simon,1129,900
667,Town and City,Snake,9959,8831
668,Town and City,Sonic,10347,8517
669,Town and City,Steve,5682,4209
670,Town and City,Terry,8129,6778
671,Town and City,Toon Link,5079,4680
672,Town and City,Villager,1934,2265
673,Town and City,Wario,3316,3343
674,Town and City,Wii Fit Trainer,6296,5397
675,Town and City,Wolf,11151,12132
676,Town and City,Yoshi,9210,9005
677,Town and City,Young Link,6242,6727
678,Town and City,Zelda,5397,5373
679,Town and City,Zero Suit Samus,5363,5522
680,Unova Pokemon League,Banjo & Kazooie,16,18
681,Unova Pokemon League,Bayonetta,38,32
682,Unova Pokemon League,Bowser,153,149
683,Unova Pokemon League,Bowser Jr.,36,37
684,Unova Pokemon League,Byleth,15,16
685,Unova Pokemon League,Captain Falcon,51,70
686,Unova Pokemon League,Chrom,45,44
687,Unova Pokemon League,Cloud,131,117
688,Unova Pokemon League,Corrin,16,24
689,Unova Pokemon League,Daisy,26,26
690,Unova Pokemon League,Dark Pit,39,46
691,Unova Pokemon League,Dark Samus,49,32
692,Unova Pokemon League,Diddy Kong,17,19
693,Unova Pokemon League,Donkey Kong,84,66
694,Unova Pokemon League,Dr. Mario,37,38
695,Unova Pokemon League,Duck Hunt,25,19
696,Unova Pokemon League,Falco,27,36
697,Unova Pokemon League,Fox,51,60
698,Unova Pokemon League,Ganondorf,89,81
699,Unova Pokemon League,Greninja,53,55
700,Unova Pokemon League,Hero,19,27
701,Unova Pokemon League,Ice Climbers,17,16
702,Unova Pokemon League,Ike,85,75
703,Unova Pokemon League,Incineroar,38,54
704,Unova Pokemon League,Inkling,139,162
705,Unova Pokemon League,Isabelle,43,31
706,Unova Pokemon League,Jigglypuff,43,45
707,Unova Pokemon League,Joker,66,91
708,Unova Pokemon League,Ken,21,15
709,Unova Pokemon League,King Dedede,87,83
710,Unova Pokemon League,King K. Rool,45,68
711,Unova Pokemon League,Kirby,32,34
712,Unova Pokemon League,Link,82,84
713,Unova Pokemon League,Little Mac,47,32
714,Unova Pokemon League,Lucario,14,27
715,Unova Pokemon League,Lucas,63,71
716,Unova Pokemon League,Lucina,121,138
717,Unova Pokemon League,Luigi,70,59
718,Unova Pokemon League,Mario,79,74
719,Unova Pokemon League,Marth,23,35
720,Unova Pokemon League,Mega Man,41,38
721,Unova Pokemon League,Meta Knight,18,17
722,Unova Pokemon League,Mewtwo,20,19
723,Unova Pokemon League,Mii Brawler,20,30
724,Unova Pokemon League,Mii Gunner,19,34
725,Unova Pokemon League,Mii Swordfighter,33,35
726,Unova Pokemon League,Min Min,23,19
727,Unova Pokemon League,Mr. Game & Watch,45,50
728,Unova Pokemon League,Ness,118,140
729,Unova Pokemon League,Olimar,29,38
730,Unova Pokemon League,Pac-Man,66,55
731,Unova Pokemon League,Palutena,74,80
732,Unova Pokemon League,Peach,60,36
733,Unova Pokemon League,Pichu,112,100
734,Unova Pokemon League,Pikachu,79,86
735,Unova Pokemon League,Piranha Plant,39,39
736,Unova Pokemon League,Pit,18,23
737,Unova Pokemon League,Pokemon Trainer,167,160
738,Unova Pokemon League,Pyra & Mythra,3,5
739,Unova Pokemon League,R.O.B.,126,114
740,Unova Pokemon League,Richter,60,34
741,Unova Pokemon League,Ridley,65,76
742,Unova Pokemon League,Robin,46,34
743,Unova Pokemon League,Rosalina & Luma,8,14
744,Unova Pokemon League,Roy,66,74
745,Unova Pokemon League,Ryu,6,11
746,Unova Pokemon League,Samus,63,55
747,Unova Pokemon League,Sheik,6,7
748,Unova Pokemon League,Shulk,63,56
749,Unova Pokemon League,Simon,14,21
750,Unova Pokemon League,Snake,131,115
751,Unova Pokemon League,Sonic,80,82
752,Unova Pokemon League,Steve,3,3
753,Unova Pokemon League,Terry,16,25
754,Unova Pokemon League,Toon Link,50,52
755,Unova Pokemon League,Villager,39,37
756,Unova Pokemon League,Wario,44,27
757,Unova Pokemon League,Wii Fit Trainer,40,35
758,Unova Pokemon League,Wolf,160,169
759,Unova Pokemon League,Yoshi,146,119
760,Unova Pokemon League,Young Link,80,82
761,Unova Pokemon League,Zelda,49,48
762,Unova Pokemon League,Zero Suit Samus,76,51
763,Yoshi's Island,Banjo & Kazooie,100,76
764,Yoshi's Island,Bayonetta,127,95
765,Yoshi's Island,Bowser,355,389
766,Yoshi's Island,Bowser Jr.,55,58
767,Yoshi's Island,Byleth,32,27
768,Yoshi's Island,Captain Falcon,143,159
769,Yoshi's Island,Chrom,202,221
770,Yoshi's Island,Cloud,344,366
771,Yoshi's Island,Corrin,49,65
772,Yoshi's Island,Daisy,37,46
773,Yoshi's Island,Dark Pit,70,90
774,Yoshi's Island,Dark Samus,107,85
775,Yoshi's Island,Diddy Kong,63,65
776,Yoshi's Island,Donkey Kong,315,281
777,Yoshi's Island,Dr. Mario,115,102
778,Yoshi's Island,Duck Hunt,51,65
779,Yoshi's Island,Falco,94,118
780,Yoshi's Island,Fox,100,144
781,Yoshi's Island,Ganondorf,320,357
782,Yoshi's Island,Greninja,134,131
783,Yoshi's Island,Hero,97,111
784,Yoshi's Island,Ice Climbers,63,49
785,Yoshi's Island,Ike,211,201
786,Yoshi's Island,Incineroar,165,195
787,Yoshi's Island,Inkling,582,581
788,Yoshi's Island,Isabelle,68,75
789,Yoshi's Island,Jigglypuff,142,174
790,Yoshi's Island,Joker,246,337
791,Yoshi's Island,Kazuya,1,0
792,Yoshi's Island,Ken,85,58
793,Yoshi's Island,King Dedede,207,215
794,Yoshi's Island,King K. Rool,191,176
795,Yoshi's Island,Kirby,113,156
796,Yoshi's Island,Link,274,257
797,Yoshi's Island,Little Mac,282,245
798,Yoshi's Island,Lucario,37,52
799,Yoshi's Island,Lucas,176,204
800,Yoshi's Island,Lucina,368,461
801,Yoshi's Island,Luigi,240,188
802,Yoshi's Island,Mario,273,319
803,Yoshi's Island,Marth,60,109
804,Yoshi's Island,Mega Man,161,105
805,Yoshi's Island,Meta Knight,69,69
806,Yoshi's Island,Mewtwo,50,51
807,Yoshi's Island,Mii Brawler,65,70
808,Yoshi's Island,Mii Gunner,68,65
809,Yoshi's Island,Mii Swordfighter,74,53
810,Yoshi's Island,Min Min,8,12
811,Yoshi's Island,Mr. Game & Watch,151,198
812,Yoshi's Island,Ness,490,555
813,Yoshi's Island,Olimar,65,68
814,Yoshi's Island,Pac-Man,158,128
815,Yoshi's Island,Palutena,341,339
816,Yoshi's Island,Peach,117,116
817,Yoshi's Island,Pichu,262,211
818,Yoshi's Island,Pikachu,230,239
819,Yoshi's Island,Piranha Plant,100,108
820,Yoshi's Island,Pit,56,56
821,Yoshi's Island,Pokemon Trainer,459,450
822,Yoshi's Island,Pyra & Mythra,5,7
823,Yoshi's Island,R.O.B.,297,245
824,Yoshi's Island,Richter,144,101
825,Yoshi's Island,Ridley,185,185
826,Yoshi's Island,Robin,97,76
827,Yoshi's Island,Rosalina & Luma,30,29
828,Yoshi's Island,Roy,210,274
829,Yoshi's Island,Ryu,20,32
830,Yoshi's Island,Samus,205,172
831,Yoshi's Island,Sephiroth,1,3
832,Yoshi's Island,Sheik,22,42
833,Yoshi's Island,Shulk,136,133
834,Yoshi's Island,Simon,72,51
835,Yoshi's Island,Snake,522,362
836,Yoshi's Island,Sonic,294,262
837,Yoshi's Island,Steve,5,3
838,Yoshi's Island,Terry,48,45
839,Yoshi's Island,Toon Link,136,134
840,Yoshi's Island,Villager,114,110
841,Yoshi's Island,Wario,103,103
842,Yoshi's Island,Wii Fit Trainer,233,187
843,Yoshi's Island,Wolf,379,427
844,Yoshi's Island,Yoshi,369,406
845,Yoshi's Island,Young Link,244,230
846,Yoshi's Island,Zelda,314,223
847,Yoshi's Island,Zero Suit Samus,260,225
848,Yoshi's Story,Banjo & Kazooie,1388,1326
849,Yoshi's Story,Bayonetta,2148,1801
850,Yoshi's Story,Bowser,4414,4787
851,Yoshi's Story,Bowser Jr.,838,730
852,Yoshi's Story,Byleth,1022,1320
853,Yoshi's Story,Captain Falcon,2226,2571
854,Yoshi's Story,Chrom,933,1057
855,Yoshi's Story,Cloud,2980,3188
856,Yoshi's Story,Corrin,715,992
857,Yoshi's Story,Daisy,166,174
858,Yoshi's Story,Dark Pit,517,610
859,Yoshi's Story,Dark Samus,988,677
860,Yoshi's Story,Diddy Kong,645,624
861,Yoshi's Story,Donkey Kong,2530,2506
862,Yoshi's Story,Dr. Mario,764,770
863,Yoshi's Story,Duck Hunt,575,523
864,Yoshi's Story,Falco,1202,1711
865,Yoshi's Story,Fox,755,1008
866,Yoshi's Story,Ganondorf,1631,1836
867,Yoshi's Story,Greninja,655,719
868,Yoshi's Story,Hero,1252,1312
869,Yoshi's Story,Ice Climbers,509,395
870,Yoshi's Story,Ike,2120,1984
871,Yoshi's Story,Incineroar,1392,1313
872,Yoshi's Story,Inkling,1987,1972
873,Yoshi's Story,Isabelle,912,817
874,Yoshi's Story,Jigglypuff,1416,2009
875,Yoshi's Story,Joker,2279,3074
876,Yoshi's Story,Kazuya,37,54
877,Yoshi's Story,Ken,1333,921
878,Yoshi's Story,King Dedede,973,987
879,Yoshi's Story,King K. Rool,1425,1589
880,Yoshi's Story,Kirby,1085,1202
881,Yoshi's Story,Link,1301,1283
882,Yoshi's Story,Little Mac,1286,1281
883,Yoshi's Story,Lucario,339,378
884,Yoshi's Story,Lucas,1160,1228
885,Yoshi's Story,Lucina,1471,2053
886,Yoshi's Story,Luigi,2187,1619
887,Yoshi's Story,Mario,2996,3919
888,Yoshi's Story,Marth,425,614
889,Yoshi's Story,Mega Man,952,725
890,Yoshi's Story,Meta Knight,327,412
891,Yoshi's Story,Mewtwo,311,395
892,Yoshi's Story,Mii Brawler,902,1090
893,Yoshi's Story,Mii Gunner,430,366
894,Yoshi's Story,Mii Swordfighter,573,523
895,Yoshi's Story,Min Min,763,593
896,Yoshi's Story,Mr. Game & Watch,2725,2542
897,Yoshi's Story,Ness,3313,2880
898,Yoshi's Story,Olimar,258,288
899,Yoshi's Story,Pac-Man,1134,1034
900,Yoshi's Story,Palutena,3795,3232
901,Yoshi's Story,Peach,507,446
902,Yoshi's Story,Pichu,521,562
903,Yoshi's Story,Pikachu,2060,2025
904,Yoshi's Story,Piranha Plant,1232,1272
905,Yoshi's Story,Pit,330,396
906,Yoshi's Story,Pokemon Trainer,3994,3874
907,Yoshi's Story,Pyra & Mythra,788,934
908,Yoshi's Story,R.O.B.,1921,1665
909,Yoshi's Story,Richter,516,339
910,Yoshi's Story,Ridley,705,808
911,Yoshi's Story,Robin,1340,1008
912,Yoshi's Story,Rosalina & Luma,381,457
913,Yoshi's Story,Roy,1304,1611
914,Yoshi's Story,Ryu,326,301
915,Yoshi's Story,Samus,2254,1724
916,Yoshi's Story,Sephiroth,554,685
917,Yoshi's Story,Sheik,218,261
918,Yoshi's Story,Shulk,661,646
919,Yoshi's Story,Simon,200,140
920,Yoshi's Story,Snake,2131,1634
921,Yoshi's Story,Sonic,2246,1569
922,Yoshi's Story,Steve,1308,947
923,Yoshi's Story,Terry,1811,1578
924,Yoshi's Story,Toon Link,944,887
925,Yoshi's Story,Villager,989,884
926,Yoshi's Story,Wario,734,787
927,Yoshi's Story,Wii Fit Trainer,1583,1287
928,Yoshi's Story,Wolf,2234,2462
929,Yoshi's Story,Yoshi,3079,3276
930,Yoshi's Story,Young Link,1279,1245
931,Yoshi's Story,Zelda,1533,1343
932,Yoshi's Story,Zero Suit Samus,1512,1588
933,Unova Pokemon League,Kazuya,0,2
